,City,Cloudiness,Country,Date,Humidity,Latitude,Lng,Max Temp,Wind Speed
0,Beloha,64,MG,1569995567,64,-25.17,45.06,74.32,9.4
1,Dingle,94,PH,1569995567,67,11.0,122.67,85.6,3.62
2,Albany,75,US,1569995567,69,42.65,-73.75,75.2,8.05
3,Kirakira,99,SB,1569995567,86,-10.46,161.92,77.81,5.39
4,Bredasdorp,100,ZA,1569995568,87,-34.53,20.04,57.0,6.93
5,Yatou,75,CM,1569995568,100,3.63,9.81,73.4,2.24
6,Hobart,0,AU,1569995441,51,-42.88,147.33,63.0,16.11
7,Rio Gallegos,0,AR,1569995568,74,-51.62,-69.22,35.6,13.87
8,Puerto Ayora,75,EC,1569995568,94,-0.74,-90.35,66.99,4.0
9,Nioki,100,CD,1569995568,85,-2.72,17.69,74.24,2.62
10,Adrar,0,DZ,1569995569,13,27.87,-0.29,77.0,5.82
11,Faanui,47,PF,1569995569,78,-16.48,-151.75,76.01,21.81
12,Boa Vista,0,BR,1569995332,74,2.82,-60.67,78.8,5.82
13,Punta Arenas,75,CL,1569995569,75,-53.16,-70.91,41.0,23.04
14,Ushuaia,40,AR,1569995281,69,-54.81,-68.31,39.2,5.82
15,Hasaki,20,JP,1569995569,48,35.73,140.83,88.0,9.17
16,Deputatskiy,100,RU,1569995570,88,69.3,139.9,22.58,28.57
17,Kalmunai,100,LK,1569995570,50,7.42,81.82,89.87,3.36
18,Victor Harbor,0,AU,1569995570,72,-35.55,138.62,73.99,14.99
19,Tasiilaq,99,GL,1569995570,64,65.61,-37.64,35.6,23.04
20,Charters Towers,48,AU,1569995570,39,-20.07,146.27,81.68,16.22
21,Comodoro Rivadavia,0,AR,1569995284,80,-45.87,-67.48,33.8,2.24
22,Akdepe,0,TM,1569995571,26,42.05,59.39,59.0,4.7
23,Thinadhoo,79,MV,1569995571,75,0.53,72.93,83.05,17.11
24,Breves,40,BR,1569995571,94,-1.68,-50.48,72.12,2.68
25,Yellowknife,20,CA,1569995307,86,62.45,-114.38,37.4,3.36
26,Jamestown,0,AU,1569995571,17,-33.21,138.6,85.53,18.25
27,Bluff,72,AU,1569995572,46,-23.58,149.07,77.54,17.0
28,Cape Town,0,ZA,1569995317,87,-33.93,18.42,66.0,2.24
29,Abha,0,SA,1569995572,68,18.22,42.5,71.6,5.82
30,Busselton,70,AU,1569995572,34,-33.64,115.35,72.0,10.11
31,Bahia Blanca,8,AR,1569995572,78,-38.72,-62.27,43.43,8.21
32,Rikitea,100,PF,1569995572,87,-23.12,-134.97,68.56,22.84
33,La Primavera,0,AR,1569995573,37,-32.92,-68.67,50.0,8.05
34,Nouakchott,0,MR,1569995573,94,18.08,-15.98,77.0,5.82
35,Butaritari,75,KI,1569995573,63,3.07,172.79,85.42,9.73
36,Biak,91,ID,1569995573,92,-0.91,122.88,69.76,4.43
37,Iqaluit,75,CA,1569995574,91,63.75,-68.52,32.0,4.7
38,Gorahun,100,SL,1569995574,99,7.76,-11.77,72.07,1.39
39,Liverpool,40,GB,1569995574,93,53.41,-2.98,46.4,4.7
40,Vostok,0,RU,1569995574,44,46.45,135.83,72.28,7.78
41,Carnarvon,97,ZA,1569995575,32,-30.97,22.13,53.74,17.2
42,Narsaq,100,GL,1569995575,27,60.91,-46.05,51.8,32.21
43,Port Hardy,90,CA,1569995494,81,50.7,-127.42,50.0,2.24
44,Saint Anthony,90,US,1569995575,86,43.97,-111.68,42.8,8.05
45,Jiujiang,9,CN,1569995575,35,29.73,115.99,91.02,2.3
46,Pochutla,100,MX,1569995575,87,15.74,-96.47,75.0,1.7
47,Tiksi,100,RU,1569995576,89,71.64,128.87,29.08,20.27
48,Jalu,0,LY,1569995576,65,29.03,21.55,73.25,4.56
49,Charleston,1,US,1569995576,100,32.79,-79.94,78.01,2.48
50,Mataura,97,NZ,1569995576,68,-46.19,168.86,46.0,18.99
51,Vaini,20,IN,1569995577,65,15.34,74.49,80.6,4.7
52,Sao Joao da Barra,90,BR,1569995577,84,-21.64,-41.05,65.84,2.95
53,Fortuna,1,US,1569995577,100,40.6,-124.16,46.99,3.36
54,Boyolangu,7,ID,1569995577,39,-8.09,111.9,90.44,8.81
55,Clyde River,90,CA,1569995577,100,70.47,-68.59,33.8,10.29
56,Snezhnogorsk,75,RU,1569995578,86,69.19,33.23,33.8,11.18
57,Beyneu,100,KZ,1569995578,36,45.32,55.19,60.17,16.02
58,Aksarka,61,RU,1569995578,96,66.56,67.8,39.25,11.23
59,Uricani,5,RO,1569995578,56,45.33,23.12,59.27,6.08
60,Glace Bay,90,CA,1569995578,93,46.2,-59.96,50.0,9.17
61,Esperance,18,AU,1569995579,39,-33.86,121.89,80.6,9.17
62,El Alto,90,BO,1569995579,90,-16.5,-68.19,33.8,10.29
63,Madanapalle,80,IN,1569995579,59,13.56,78.5,82.51,4.34
64,Caruray,20,PH,1569995579,66,10.31,119.01,89.6,9.17
65,Port Alfred,20,ZA,1569995579,82,-33.59,26.89,63.0,1.01
66,Savonlinna,75,FI,1569995580,93,61.87,28.88,37.4,0.87
67,Constantine,0,DZ,1569995580,62,36.36,6.61,55.4,2.24
68,Santiago,91,PH,1569995351,80,16.69,121.54,82.96,3.6
69,Bethel,90,US,1569995504,81,60.79,-161.76,44.6,4.7
70,Hermanus,100,ZA,1569995580,85,-34.42,19.24,62.01,3.0
71,Pangnirtung,84,CA,1569995580,82,66.15,-65.72,24.67,2.28
72,Cherskiy,38,RU,1569995581,79,68.75,161.3,25.0,7.94
73,Mapastepec,99,MX,1569995581,87,15.44,-92.9,73.47,5.06
74,Namatanai,97,PG,1569995581,77,-3.66,152.44,79.57,4.25
75,Bandarbeyla,77,SO,1569995581,64,9.49,50.81,80.09,7.4
76,Hilo,20,US,1569995582,69,19.71,-155.08,80.6,4.7
77,Manggar,99,ID,1569995582,49,-2.88,108.27,89.78,9.37
78,Nikolskoye,75,RU,1569995582,100,59.7,30.79,45.0,15.66
79,Qaanaaq,98,GL,1569995582,94,77.48,-69.36,30.92,6.93
80,Hambantota,40,LK,1569995583,83,6.12,81.12,84.2,5.82
81,Vila Velha,20,BR,1569995583,69,-3.71,-38.6,78.8,12.75
82,Moba,92,CD,1569995583,78,-7.04,29.77,68.63,2.35
83,Prince Albert,90,CA,1569995583,86,53.2,-105.75,37.4,2.24
84,Ponta do Sol,0,BR,1569995583,70,-20.63,-46.0,64.42,6.89
85,Huarmey,47,PE,1569995584,93,-10.07,-78.15,61.18,20.33
86,Batangafo,100,CF,1569995584,98,7.3,18.29,70.68,2.26
87,Sheridan,90,US,1569995584,100,39.65,-105.03,46.99,8.05
88,Kodino,100,RU,1569995584,86,63.72,39.64,40.21,13.51
89,Xining,87,CN,1569995584,41,36.62,101.77,71.01,8.32
90,Martapura,40,ID,1569995585,59,-3.41,114.85,91.4,9.17
91,Bubaque,44,GW,1569995585,85,11.28,-15.83,80.6,14.74
92,Lebu,100,ET,1569995585,86,8.96,38.73,58.58,0.78
93,Avera,1,US,1569995586,88,33.19,-82.53,78.01,2.28
94,Tuktoyaktuk,90,CA,1569995586,93,69.44,-133.03,37.4,5.82
95,San Patricio,86,PY,1569995586,86,-26.98,-56.83,74.15,4.03
96,Lapeer,90,US,1569995357,93,43.05,-83.32,73.4,8.05
97,Leh,0,IN,1569995586,26,34.16,77.58,37.94,7.09
98,Kibala,20,TD,1569995586,94,9.11,18.35,77.0,4.7
99,Aitape,5,PG,1569995587,67,-3.15,142.36,83.73,6.67
100,Ketchikan,90,US,1569995587,87,55.34,-131.65,48.2,26.4
101,Buraydah,0,SA,1569995587,37,26.33,43.97,82.4,5.82
102,Avarua,22,CK,1569995587,64,-21.21,-159.78,71.6,6.93
103,Gerash,7,IR,1569995587,48,27.67,54.14,84.2,0.65
104,Khash,0,IR,1569995588,24,28.22,61.21,77.97,8.01
105,Patos,0,BR,1569995588,73,-7.03,-37.28,70.97,9.69
106,Chokurdakh,100,RU,1569995588,93,70.62,147.9,28.56,17.98
107,Kapaa,40,US,1569995588,74,22.08,-159.32,82.4,16.11
108,Dikson,59,RU,1569995588,81,73.51,80.55,30.11,17.72
109,Ilhabela,0,BR,1569995388,88,-23.78,-45.36,70.23,17.34
110,Saint-Philippe,40,CA,1569995589,93,45.36,-73.48,64.0,3.36
111,Nakhon Nayok,31,TH,1569995589,66,14.2,101.21,91.0,1.99
112,Ivnya,0,RU,1569995589,81,51.06,36.14,51.01,6.71
113,Cabo San Lucas,14,MX,1569995308,77,22.89,-109.91,75.99,1.01
114,Horsham,32,AU,1569995590,60,-36.71,142.2,71.89,12.21
115,Lasa,20,CY,1569995590,60,34.92,32.53,75.2,5.82
116,Hamilton,40,CA,1569995308,100,43.26,-79.87,69.01,8.05
117,Kaitangata,97,NZ,1569995590,72,-46.28,169.85,43.0,15.01
118,Mar del Plata,50,AR,1569995590,49,-46.43,-67.52,38.96,2.08
119,Plast,97,RU,1569995591,57,54.37,60.81,48.45,15.97
120,Rajshahi,35,BD,1569995591,74,24.37,88.59,84.0,5.97
121,Petropavlovsk-Kamchatskiy,42,RU,1569995470,54,53.05,158.65,55.4,4.47
122,Sobolevo,100,RU,1569995591,84,54.43,31.9,52.77,16.44
123,Amurzet,42,CN,1569995591,76,47.69,131.09,64.51,12.91
124,Ilulissat,38,GL,1569995592,36,69.22,-51.1,44.6,16.11
125,Arraial do Cabo,0,BR,1569995520,77,-22.97,-42.02,67.13,25.7
126,Blackwater,0,GB,1569995511,87,51.33,-0.78,46.4,4.7
127,North Bend,1,US,1569995592,87,43.41,-124.22,48.99,3.36
128,Sabang,94,PH,1569995592,74,13.8,121.11,88.0,1.99
129,Severo-Kurilsk,86,RU,1569995592,88,50.68,156.12,46.65,9.57
130,Laguna,0,BZ,1569995592,94,16.17,-88.94,77.0,1.5
131,Sur,0,OM,1569995593,38,22.57,59.53,94.71,8.95
132,Axim,78,GH,1569995593,90,4.87,-2.24,75.5,7.81
133,Hualmay,73,PE,1569995593,91,-11.1,-77.61,61.41,20.74
134,Cidreira,0,BR,1569995593,80,-30.17,-50.22,68.59,7.25
135,Baculin,33,PH,1569995593,72,7.45,126.58,81.8,5.39
136,Yenotayevka,6,RU,1569995594,64,47.24,47.04,63.95,11.05
137,Vestmannaeyjar,70,IS,1569995594,78,63.44,-20.27,47.28,19.95
138,Airai,2,TL,1569995594,34,-8.93,125.41,91.31,5.75
139,San Cristobal,100,HN,1569995594,95,14.68,-86.92,65.93,1.63
140,Sao Filipe,57,CV,1569995594,86,14.9,-24.5,78.38,9.89
141,Yangliuqing,0,CN,1569995595,35,39.14,117.0,84.2,4.47
142,Ingham,18,AU,1569995595,53,-18.65,146.16,79.1,7.29
143,Waipawa,51,NZ,1569995595,90,-39.94,176.59,42.01,15.01
144,Galveston,1,US,1569995595,69,40.58,-86.19,75.99,4.7
145,Imbituba,75,BR,1569995595,88,-28.24,-48.67,69.8,13.87
146,Xihe,100,CN,1569995596,71,34.02,105.29,61.82,6.87
147,Touros,20,BR,1569995596,83,-5.2,-35.46,73.4,4.7
148,Atuona,17,PF,1569995596,75,-9.8,-139.03,79.45,13.38
149,Reserva,0,AR,1569995596,34,-38.73,-68.18,48.2,4.7
150,Rio Cuarto,0,AR,1569995597,39,-33.13,-64.35,44.6,9.17
151,Cabedelo,40,BR,1569995597,88,-6.97,-34.84,73.4,3.36
152,Castro,0,CL,1569995597,93,-42.48,-73.76,32.0,4.7
153,Kodiak,90,US,1569995598,94,39.95,-94.76,73.99,11.41
154,Alofi,46,NU,1569995598,78,-19.06,-169.92,77.0,6.93
155,Puerto Colombia,75,CO,1569995598,100,10.99,-74.96,78.01,6.2
156,Pevek,100,RU,1569995599,85,69.7,170.27,30.22,23.47
157,East London,0,ZA,1569995593,77,-33.02,27.91,59.0,6.93
158,Fethiye,0,TR,1569995600,88,36.62,29.12,66.2,4.7
159,Peniche,40,PT,1569995600,93,39.36,-9.38,60.8,4.7
160,Half Moon Bay,1,US,1569995600,75,37.46,-122.43,57.99,6.13
161,Longyearbyen,75,NO,1569995601,79,78.22,15.63,28.4,3.36
162,Pisco,40,PE,1569995601,88,-13.71,-76.2,63.0,6.93
163,Saskylakh,100,RU,1569995601,90,71.97,114.09,26.74,9.04
164,Belyy Yar,0,RU,1569995601,49,53.6,91.39,46.4,4.47
165,Kamarion,0,GR,1569995601,77,36.8,25.82,70.0,2.48
166,Bilma,25,NE,1569995602,17,18.69,12.92,82.36,11.03
167,Ahipara,78,NZ,1569995602,90,-35.17,173.16,59.0,30.42
168,Bambous Virieux,45,MU,1569995602,77,-20.34,57.76,78.01,5.99
169,Ugoofaaru,70,MV,1569995602,73,5.67,73.0,83.41,8.03
170,Camacupa,60,AO,1569995603,70,-12.02,17.48,65.64,4.72
171,Estelle,0,FR,1569995603,82,43.97,3.47,60.8,11.41
172,Limon,90,US,1569995603,100,39.26,-103.69,43.0,9.17
173,Codrington,0,AU,1569995603,40,-28.95,153.24,77.0,12.75
174,Samarai,97,PG,1569995603,95,-10.62,150.67,74.21,7.31
175,Meulaboh,70,ID,1569995604,73,4.14,96.13,81.34,5.73
176,Parrita,75,CR,1569995604,94,9.52,-84.33,72.0,2.24
177,Marzuq,32,YE,1569995604,40,14.4,46.47,79.7,1.99
178,Marawi,79,PH,1569995604,80,8.0,124.29,82.99,8.01
179,Arawa,4,ID,1569995604,74,-3.93,119.75,83.19,15.26
180,Thompson,5,CA,1569995605,85,55.74,-97.86,21.2,4.09
181,Roald,75,NO,1569995605,93,62.58,6.12,44.6,4.7
182,Vila Franca do Campo,40,PT,1569995605,83,37.72,-25.43,73.4,26.4
183,Salalah,40,OM,1569995606,74,17.01,54.1,82.4,4.7
184,Barrow,61,AR,1569995606,90,-38.31,-60.23,39.16,5.03
185,Uige,46,AO,1569995373,87,-7.61,15.06,67.19,1.23
186,Ahuimanu,40,US,1569995606,83,21.44,-157.84,82.0,6.93
187,Gladstone,58,AU,1569995606,53,-23.84,151.26,75.99,19.46
188,Tevaitoa,56,PF,1569995607,76,-16.78,-151.5,75.54,22.41
189,Orsha,0,BY,1569995607,76,54.51,30.43,53.6,8.95
190,Helena,1,US,1569995447,80,46.59,-112.04,33.8,4.7
191,Kavaratti,20,IN,1569995607,70,10.57,72.64,86.0,3.65
192,Tezu,70,IN,1569995607,63,27.93,96.16,82.74,1.36
193,Aklavik,75,CA,1569995607,86,68.22,-135.01,39.2,5.82
194,Kargil,24,PK,1569995608,20,34.56,76.13,46.43,3.15
195,Tuatapere,100,NZ,1569995608,68,-46.13,167.69,46.0,18.99
196,Victoria,75,BN,1569995608,70,5.28,115.24,86.0,3.36
197,Faya,0,SA,1569995608,68,18.39,42.45,71.6,5.82
198,Liku,27,ID,1569995608,72,-0.73,119.89,83.05,8.34
199,Hofn,0,IS,1569995609,61,64.25,-15.21,21.59,3.56
200,Rio Verde de Mato Grosso,73,BR,1569995609,54,-18.92,-54.84,80.67,6.2
201,Waingapu,0,ID,1569995609,33,-9.65,120.26,89.62,17.43
202,Sitka,52,US,1569995609,96,37.17,-99.65,66.0,5.01
203,Poum,0,MK,1569995610,93,41.28,20.71,50.0,3.36
204,Villarrica,20,CL,1569995610,88,-39.28,-72.23,37.0,1.77
205,Najran,0,SA,1569995610,34,17.54,44.22,82.4,4.7
206,Port Elizabeth,1,US,1569995610,88,39.31,-74.98,72.0,9.17
207,Georgetown,20,GY,1569995451,100,6.8,-58.16,77.0,4.7
208,College,90,US,1569995611,86,64.86,-147.8,42.8,3.36
209,Calmar,75,CA,1569995611,69,53.27,-113.81,37.0,12.75
210,Flinders,0,AU,1569995611,36,-34.58,150.85,77.0,12.75
211,Nemuro,40,JP,1569995611,68,43.32,145.57,69.8,10.29
212,Porto Velho,0,BR,1569995611,94,-8.75,-63.87,73.4,1.12
213,Leningradskiy,100,RU,1569995612,95,69.38,178.42,32.36,20.98
214,Khasan,33,RU,1569995612,66,42.43,130.64,73.92,8.79
215,Floro,40,NO,1569995612,81,61.6,5.03,46.99,6.93
216,Berlevag,40,NO,1569995613,68,70.86,29.09,39.2,27.51
217,Mahebourg,45,MU,1569995613,77,-20.41,57.7,78.01,5.99
218,Hami,30,CN,1569995613,21,42.84,93.51,67.69,5.41
219,Waitati,94,NZ,1569995613,71,-45.75,170.57,46.0,27.0
220,Kruisfontein,99,ZA,1569995613,65,-34.0,24.73,60.65,8.95
221,Gijon,75,ES,1569995614,93,43.54,-5.66,61.0,8.05
222,Aksay,100,KZ,1569995614,43,51.17,53.01,56.66,19.06
223,Katsuura,75,JP,1569995614,78,33.93,134.5,80.6,19.46
224,Ca Mau,98,VN,1569995370,58,9.18,105.15,89.2,8.1
225,Hithadhoo,64,MV,1569995614,76,-0.6,73.08,82.99,18.72
226,Traverse City,90,US,1569995460,87,44.76,-85.62,57.2,6.93
227,Aquiraz,20,BR,1569995615,69,-3.9,-38.39,78.8,12.75
228,Saint-Leu,75,RE,1569995615,65,-21.15,55.28,82.4,14.99
229,Presidente Medici,74,BR,1569995615,89,-11.18,-61.9,72.32,2.15
230,Yamada,75,JP,1569995615,58,36.58,137.08,82.4,10.29
231,Gazanjyk,0,TM,1569995615,17,39.24,55.52,68.56,17.36
232,Aksu,20,KZ,1569995616,50,52.04,76.93,51.8,4.47
233,Pontianak,75,ID,1569995616,66,-0.02,109.34,87.8,3.36
234,Chuy,100,UY,1569995616,98,-33.69,-53.46,59.48,9.73
235,Nanchang,0,CN,1569995616,35,28.68,115.89,92.15,5.03
236,Honiara,75,SB,1569995616,74,-9.43,159.96,84.2,13.87
237,Port Macquarie,0,AU,1569995559,35,-31.43,152.91,73.4,11.41
238,Khatassy,40,RU,1569995617,59,61.91,129.64,35.6,11.18
239,Geraldton,90,CA,1569995617,93,49.72,-86.95,35.6,9.17
240,Naze,100,NG,1569995617,95,5.43,7.07,73.43,2.89
241,Cap Malheureux,4,MU,1569995617,77,-19.98,57.61,78.01,5.99
242,Griffith,0,AU,1569995618,15,-34.29,146.06,87.01,11.41
243,Shirokiy,59,RU,1569995618,81,53.87,39.17,48.99,3.0
244,Fort Walton Beach,1,US,1569995618,88,30.41,-86.62,79.0,5.82
245,Puerto Narino,20,CO,1569995618,100,-3.77,-70.38,75.2,4.7
246,Kizukuri,0,JP,1569995618,50,40.81,140.39,78.8,5.82
247,Xingyi,52,CN,1569995618,65,24.19,102.82,71.27,6.15
248,Malindi,40,KE,1569995619,78,-3.22,40.12,82.4,6.93
249,Vardo,1,US,1569995619,94,39.62,-77.74,75.2,3.36
250,Gat,20,SN,1569995619,94,14.69,-16.54,77.0,5.82
251,Barcelos,21,BR,1569995619,76,-0.97,-62.93,77.52,1.83
252,Itacare,75,BR,1569995619,78,-14.28,-39.0,77.0,10.29
253,Lompoc,1,US,1569995620,75,34.64,-120.46,57.0,3.36
254,Zapolyarnyy,75,RU,1569995620,80,69.43,30.82,35.6,31.09
255,Kavieng,93,PG,1569995620,68,-2.57,150.8,84.04,7.31
256,Churapcha,95,RU,1569995620,52,62.0,132.43,32.34,15.23
257,Iquitos,75,PE,1569995620,94,-3.75,-73.25,69.8,3.36
258,Grindavik,75,IS,1569995621,93,63.84,-22.43,44.6,10.29
259,Khatanga,0,RU,1569995621,65,71.98,102.47,27.89,6.8
260,Ialibu,100,PG,1569995621,81,-6.28,143.99,73.27,2.59
261,Torbay,90,CA,1569995621,75,47.66,-52.73,42.01,6.93
262,Gao,13,ML,1569995622,36,16.28,-0.04,85.39,5.91
263,Lakhimpur,40,IN,1569995622,66,27.24,94.1,89.6,1.12
264,Mizdah,0,LY,1569995622,73,31.45,12.98,64.81,3.47
265,Kawalu,41,ID,1569995622,45,-7.38,108.21,86.52,10.02
266,New Norfolk,0,AU,1569995623,48,-42.78,147.06,63.0,13.87
267,Esna,40,RO,1569995623,87,45.2,27.57,51.8,6.93
268,Aldama,41,MX,1569995623,96,22.92,-98.09,80.01,1.01
269,Bilibino,98,RU,1569995623,95,68.06,166.44,11.73,4.07
270,Nome,1,US,1569995624,94,30.04,-94.42,82.0,4.14
271,Northam,0,AU,1569995624,43,-31.65,116.67,73.4,8.05
272,Yumen,100,CN,1569995624,15,40.29,97.04,67.37,18.95
273,Fort Nelson,5,CA,1569995624,81,58.81,-122.69,46.4,2.24
274,Prachuap Khiri Khan,100,TH,1569995624,55,11.81,99.79,86.61,3.62
275,Port-Gentil,40,GA,1569995625,88,-0.72,8.78,77.0,8.05
276,Arlit,35,NE,1569995625,17,18.74,7.39,85.66,10.29
277,Ulladulla,0,AU,1569995625,36,-35.36,150.48,77.0,12.75
278,Iisalmi,90,FI,1569995625,100,63.56,27.19,37.4,8.05
279,Rio Grande City,40,US,1569995581,88,26.38,-98.82,80.01,3.36
280,Lima,90,PE,1569995403,88,-12.06,-77.04,62.6,14.99
281,Chapais,90,CA,1569995626,93,49.78,-74.86,35.6,6.93
282,Uvelskiy,97,RU,1569995626,53,54.44,61.36,49.82,15.86
283,Hailey,5,US,1569995626,82,43.52,-114.32,33.8,5.82
284,Ormara,95,PK,1569995626,63,25.21,64.64,85.67,8.28
285,Sabha,0,LY,1569995627,26,27.03,14.43,75.25,13.06
286,Bowen,40,AU,1569995627,57,-20.01,148.25,78.8,20.8
287,Udachnyy,75,RU,1569995627,63,66.42,112.4,28.4,6.71
288,Beinamar,100,TD,1569995627,96,8.67,15.38,68.7,6.55
289,Sungairaya,94,ID,1569995627,71,0.7,108.9,81.21,2.64
290,Port Blair,48,IN,1569995486,72,11.67,92.75,81.91,1.23
291,Saint-Louis,40,SN,1569995628,88,16.03,-16.5,80.6,9.17
292,Vengerovo,24,RU,1569995628,50,55.68,76.74,49.53,15.82
293,Orkney,69,ZA,1569995628,70,-26.98,26.67,54.41,14.38
294,Tura,100,RU,1569995628,62,64.27,100.22,34.55,12.48
295,Kichmengskiy Gorodok,92,RU,1569995628,80,59.99,45.81,43.9,9.98
296,Matara,59,BI,1569995629,79,-3.48,29.48,59.18,3.53
297,Trincomalee,0,LK,1569995629,44,8.58,81.23,94.13,3.78
298,Tomatlan,56,MX,1569995629,84,19.93,-105.25,76.58,5.75
299,Auki,51,NG,1569995629,87,12.18,6.51,73.63,5.61
300,Oussouye,0,SN,1569995630,94,12.49,-16.54,78.8,4.7
301,Nalut,0,LY,1569995630,44,31.86,10.98,71.06,8.41
302,Scarborough,1,GB,1569995630,81,54.28,-0.41,42.8,10.29
303,Grand Gaube,4,MU,1569995630,77,-20.01,57.66,78.01,5.99
304,Pijijiapan,100,MX,1569995630,79,15.69,-93.21,81.66,10.45
305,Camacha,40,PT,1569995630,77,33.08,-16.33,69.8,12.75
306,Ust-Barguzin,39,RU,1569995631,51,53.41,109.03,43.45,7.7
307,San Rafael,93,AR,1569995631,42,-34.61,-68.33,44.0,4.7
308,Saint George,40,GR,1569995631,88,39.45,22.34,62.6,3.36
309,Alghero,75,IT,1569995376,93,40.56,8.32,66.2,4.7
310,Pandan,100,PH,1569995632,71,11.72,122.09,84.23,8.16
311,Mount Gambier,5,AU,1569995632,29,-37.83,140.78,78.8,18.34
312,Etchoropo,14,MX,1569995632,89,26.77,-109.67,75.0,1.99
313,Ribeira Grande,75,PT,1569995632,78,38.52,-28.7,75.2,44.96
314,Yaan,97,NG,1569995632,98,7.38,8.57,71.89,2.59
315,Lavrentiya,81,RU,1569995633,98,65.58,-170.99,36.03,6.51
316,Morondava,90,MG,1569995633,73,-20.3,44.28,78.64,12.19
317,Kabompo,92,ZM,1569995633,50,-13.6,24.21,66.43,5.79
318,Acajutla,78,SV,1569995633,77,13.59,-89.83,81.16,5.03
319,Coreau,24,BR,1569995633,92,-3.53,-40.66,69.47,3.04
320,Aswan,0,EG,1569995634,25,24.09,32.9,81.97,12.57
321,Copiapo,40,CL,1569995634,81,-27.37,-70.33,50.0,6.93
322,Acari,9,BR,1569995634,78,-6.44,-36.64,69.94,9.35
323,Curuca,25,BR,1569995634,70,-2.52,-61.06,77.68,2.13
324,Ambon,90,FR,1569995634,100,47.55,-2.56,57.99,6.93
325,Robertsport,100,LR,1569995635,90,6.75,-11.37,76.6,4.36
326,Alyangula,11,AU,1569995635,52,-13.85,136.42,89.6,8.05
327,Lipin Bor,28,RU,1569995635,84,60.26,37.97,42.8,11.86
328,Svetlogorsk,75,RU,1569995635,60,53.14,59.15,42.8,11.18
329,Wainwright,97,CA,1569995504,93,52.84,-110.86,28.83,9.66
330,Cockburn Town,11,TC,1569995485,68,21.46,-71.14,83.08,3.58
331,Khetri,0,IN,1569995636,37,28.0,75.78,90.62,3.02
332,Ishigaki,20,JP,1569995636,79,24.34,124.16,86.0,9.17
333,Bam,0,IR,1569995636,21,29.11,58.36,76.33,6.69
334,Verkhoyansk,95,RU,1569995636,37,67.55,133.39,27.44,6.78
335,Ayan,0,IR,1569995637,23,38.23,44.7,57.04,2.28
336,Miri,100,NG,1569995637,87,10.31,9.75,71.94,1.34
337,Talnakh,75,RU,1569995637,86,69.49,88.39,33.8,11.18
338,Zhigansk,93,RU,1569995637,64,66.77,123.37,29.14,7.31
339,Klaksvik,25,FO,1569995638,81,62.23,-6.59,44.6,23.04
340,Sandnessjoen,0,NO,1569995638,66,66.02,12.63,44.6,11.41
341,Banepa,40,NP,1569995638,61,27.63,85.52,78.8,3.36
342,Balikpapan,80,ID,1569995638,61,-1.24,116.86,85.58,4.03
343,Collie,34,AU,1569995639,34,-33.36,116.15,69.01,7.14
344,Duku,60,ID,1569995639,84,-1.19,100.47,78.24,15.43
345,Huallanca,98,PE,1569995639,96,-9.9,-76.94,35.11,3.31
346,Bathsheba,20,BB,1569995639,74,13.22,-59.52,82.4,12.75
347,La Seyne-sur-Mer,0,FR,1569995639,63,43.1,5.88,66.0,4.7
348,Socorro,90,US,1569995640,46,31.65,-106.3,73.4,4.07
349,Ixtapa,90,MX,1569995640,94,20.71,-105.21,75.2,4.7
350,Balagansk,25,RU,1569995640,45,54.01,103.05,43.41,1.5
351,Ipixuna,0,BR,1569995640,94,-1.76,-48.8,75.2,6.93
352,Eureka,1,US,1569995641,100,40.8,-124.16,46.99,3.36
353,Ucluelet,90,CA,1569995532,92,48.94,-125.55,46.99,7.99
354,Wanning,75,AT,1569995641,87,48.64,13.53,59.0,3.36
355,La Palma,100,CO,1569995641,97,5.36,-74.39,67.6,2.66
356,Buala,100,SB,1569995641,91,-8.15,159.59,74.95,5.68
357,Finschhafen,79,PG,1569995642,85,-6.6,147.85,71.24,4.07
358,Namibe,100,AO,1569995642,77,-15.19,12.15,65.21,3.2
359,Barentu,100,ER,1569995642,71,15.11,37.59,75.56,2.84
360,Sioux Lookout,90,CA,1569995642,93,50.1,-91.92,35.6,4.7
361,Norman Wells,75,CA,1569995643,100,65.28,-126.83,41.0,4.12
362,Cooma,11,AU,1569995643,21,-36.24,149.13,69.8,13.87
363,Kahului,40,US,1569995643,74,20.89,-156.47,78.8,13.87
364,Rafai,100,CF,1569995643,97,4.95,23.92,71.24,2.46
365,Bunia,59,CD,1569995644,87,1.56,30.25,70.5,1.07
366,Parintins,63,BR,1569995644,70,-2.63,-56.73,76.82,4.43
367,Kansk,14,RU,1569995644,52,56.21,95.71,43.09,11.3
368,Paamiut,69,GL,1569995644,65,61.99,-49.67,42.13,3.91
369,Luderitz,0,NA,1569995644,76,-26.65,15.16,53.6,4.7
370,Mayumba,100,GA,1569995645,80,-3.44,10.65,75.83,7.63
371,Broome,20,GB,1569995645,87,52.47,1.45,46.4,6.93
372,Sola,73,TZ,1569995645,52,-3.17,33.8,74.91,2.71
373,Agadez,0,NE,1569995645,51,16.97,7.99,80.6,2.98
374,Lagoa,0,PT,1569995645,82,37.14,-8.45,63.0,5.82
375,Rapid Valley,90,US,1569995646,93,44.06,-103.15,39.0,6.93
376,Kudahuvadhoo,55,MV,1569995646,77,2.67,72.89,82.78,13.73
377,Outjo,63,NA,1569995646,10,-20.11,16.16,66.94,8.3
378,Progreso,90,UY,1569995646,93,-34.68,-56.22,55.99,14.99
379,Praia da Vitoria,75,PT,1569995646,83,38.73,-27.07,73.4,51.52
380,Upernavik,100,GL,1569995647,58,72.79,-56.15,35.9,7.29
381,Angoche,44,MZ,1569995647,56,-16.23,39.91,86.18,5.61
382,Evensk,83,RU,1569995647,57,61.92,159.24,33.1,4.54
383,Necochea,84,AR,1569995647,71,-38.55,-58.74,43.9,8.39
384,Saldanha,16,PT,1569995647,93,41.42,-6.55,49.64,4.29
385,Nuevitas,75,CU,1569995648,100,21.55,-77.27,73.4,4.7
386,Elizabeth City,1,US,1569995648,100,36.3,-76.22,73.0,5.41
387,Puerto Rondon,57,CO,1569995648,94,6.28,-71.1,72.53,3.91
388,San Quintin,100,PH,1569995648,77,17.54,120.52,82.88,5.46
389,Saint-Pierre,75,FR,1569995649,93,48.95,4.24,55.99,9.17
390,Svencionys,100,LT,1569995649,91,55.15,26.17,52.45,8.84
391,Ponta Pora,78,BR,1569995649,42,-22.54,-55.73,83.55,8.68
392,Ballina,75,IE,1569995649,87,54.11,-9.15,50.0,6.93
393,Vilyuysk,49,RU,1569995649,49,63.75,121.63,34.12,8.14
394,Waddan,0,LY,1569995650,31,29.16,16.14,75.02,7.58
395,Jurmala,0,LV,1569995650,93,56.97,23.77,46.4,6.93
396,Jijiga,100,ET,1569995650,80,9.35,42.8,63.8,7.34
397,Karasburg,0,NA,1569995650,11,-28.01,18.75,68.11,9.98
398,Brae,40,GB,1569995651,87,60.4,-1.35,48.2,14.99
399,Kizhinga,97,RU,1569995651,34,51.85,109.91,44.69,2.57
400,Mahibadhoo,69,MV,1569995651,75,3.78,72.97,83.05,11.41
401,Jinchang,63,CN,1569995651,22,38.52,102.19,65.87,10.6
402,Hetauda,40,NP,1569995651,61,27.43,85.03,78.8,3.36
403,Mezen,100,RU,1569995652,90,65.85,44.24,40.66,26.93
404,Barabai,81,ID,1569995652,44,-2.59,115.38,93.29,2.89
405,Diebougou,66,BF,1569995652,95,10.97,-3.25,70.57,2.62
406,Carballo,75,ES,1569995652,87,43.21,-8.69,62.01,5.82
407,Bhuj,25,IN,1569995652,64,23.25,69.67,86.95,12.86
408,Omsukchan,100,RU,1569995653,86,62.53,155.8,17.31,2.46
409,Ust-Maya,100,RU,1569995653,64,60.42,134.54,31.69,11.07
410,Boende,100,CD,1569995653,79,-0.28,20.88,74.6,2.46
411,Provideniya,75,RU,1569995653,93,64.42,-173.23,44.6,6.71
412,Valparaiso,1,US,1569995654,83,41.47,-87.06,82.0,4.7
413,Finnsnes,75,NO,1569995654,55,69.23,17.98,37.4,9.17
414,Seoul,90,KR,1569995451,113,37.57,126.98,75.2,2.24
415,Baykit,100,RU,1569995654,91,61.68,96.39,32.05,9.75
416,Bordighera,0,IT,1569995654,82,43.79,7.66,66.2,8.05
417,San Pedro,100,AR,1569995655,58,-33.68,-59.66,55.0,10.0
418,Cleveland,1,US,1569995655,69,41.51,-81.69,77.0,8.05
419,Luganville,75,VU,1569995655,74,-15.51,167.18,80.6,11.41
420,Batagay-Alyta,100,RU,1569995655,75,67.8,130.41,13.69,5.21
421,Kodinsk,97,RU,1569995655,76,58.6,99.18,36.59,8.59
422,Shubarshi,97,KZ,1569995655,31,48.59,57.19,52.52,13.04
423,Kaseda,75,JP,1569995656,94,31.42,130.32,75.2,8.05
424,Nerchinskiy Zavod,85,RU,1569995656,57,51.31,119.61,42.58,9.37
425,Zhangjiakou,0,CN,1569995656,45,40.77,114.88,70.23,7.56
426,Nargana,100,PA,1569995656,86,9.44,-78.59,78.8,13.42
427,Nador,0,MA,1569995656,64,35.17,-2.93,73.4,13.87
428,Oparino,83,RU,1569995657,83,59.85,48.28,43.59,9.15
429,Portland,75,US,1569995591,93,43.66,-70.25,62.01,4.7
430,Saint-Joseph,0,FR,1569995657,68,43.56,6.97,66.0,4.7
431,Nova Olimpia,99,BR,1569995657,89,-14.8,-57.29,74.42,1.68
432,Palmer,0,AU,1569995623,72,-34.85,139.16,80.01,14.99
433,Mackenzie,90,CA,1569995657,70,55.34,-123.09,42.8,4.7
434,Caravelas,13,BR,1569995658,74,-17.73,-39.27,70.37,6.55
435,Penarroya-Pueblonuevo,0,ES,1569995658,76,38.3,-5.27,57.2,4.21
436,Atar,98,MR,1569995658,11,20.52,-13.05,90.48,11.7
437,Keita,40,NG,1569995658,94,7.1,3.65,75.2,4.7
438,Avesta,90,SE,1569995658,100,60.15,16.18,45.0,5.82
439,Yulara,69,AU,1569995659,6,-25.24,130.99,100.4,6.93
440,Platteville,75,US,1569995659,100,42.73,-90.48,69.01,4.7
441,Araouane,64,ML,1569995659,15,18.9,-3.53,88.18,8.08
442,Royan,75,FR,1569995659,93,45.62,-1.03,60.8,3.36
443,Moranbah,25,AU,1569995659,43,-22.0,148.04,78.71,19.69
444,Sikonge,75,TZ,1569995660,72,-5.63,32.75,68.0,8.05
445,Ushtobe,0,KZ,1569995660,23,45.25,77.98,54.77,16.04
446,Mayo,90,CA,1569995660,81,63.59,-135.9,48.2,8.05
447,Husavik,98,CA,1569995660,96,50.56,-96.99,39.99,3.0
448,Lamar,90,US,1569995660,93,38.09,-102.62,57.2,13.87
449,San Juan,1,AR,1569995661,43,-31.54,-68.53,34.36,4.43
450,Loralai,41,PK,1569995661,19,30.37,68.6,80.38,9.95
451,Saint-Augustin,40,CA,1569995661,93,45.63,-73.98,63.0,3.36
452,Piney Green,1,US,1569995661,100,35.09,-78.48,73.4,5.08
453,Bestobe,11,KZ,1569995661,39,52.5,73.1,50.65,7.67
454,Noumea,0,NC,1569995662,56,-22.28,166.46,71.6,25.28
455,Sao Domingos,32,BR,1569995662,57,-13.4,-46.32,74.44,1.74
456,Marica,0,BR,1569995662,77,-22.92,-42.82,69.8,6.93
457,Sisimiut,61,GL,1569995662,72,66.94,-53.67,39.94,10.69
458,Corinto,40,CO,1569995663,78,3.17,-76.26,73.4,9.17
459,Ulaanbaatar,75,MN,1569995663,88,47.92,106.92,35.6,4.47
460,Nikel,75,NO,1569995663,80,69.41,30.21,35.6,31.09
461,Los Llanos de Aridane,97,ES,1569995663,88,28.66,-17.92,69.8,11.41
462,Severo-Yeniseyskiy,100,RU,1569995664,95,60.37,93.04,34.43,13.0
463,Nioro,12,GM,1569995664,92,13.79,-15.05,73.22,6.64
464,Dhidhdhoo,70,MV,1569995664,72,6.88,73.1,82.96,7.09
465,Semnan,0,IR,1569995664,21,35.58,53.39,78.8,6.11
466,Naryan-Mar,100,RU,1569995664,81,67.67,53.09,37.31,19.24
467,Henties Bay,67,NA,1569995665,87,-22.12,14.28,63.0,5.99
468,Dunedin,94,NZ,1569995665,71,-45.87,170.5,46.0,27.0
469,Saint Lawrence,20,MT,1569995665,78,36.06,14.2,73.99,4.7
470,Senneterre,90,CA,1569995523,100,48.39,-77.24,41.0,10.29
471,Amahai,52,ID,1569995665,80,-3.31,129.0,80.33,9.33
472,Kaeo,75,NZ,1569995665,90,-35.1,173.78,59.0,16.37
473,Darlawn,75,IN,1569995666,66,24.02,92.93,84.2,6.93
474,Catende,25,BR,1569995666,98,-8.67,-35.73,63.73,3.44
475,Princeton,1,US,1569995666,73,40.35,-74.66,73.4,6.93
476,Sivaki,26,RU,1569995666,39,52.63,126.75,45.7,13.76
477,Sao Joao Evangelista,77,BR,1569995667,90,-18.55,-42.76,61.93,6.33
478,Bayir,0,TR,1569995667,82,37.27,28.22,62.6,2.24
479,Alcudia,20,ES,1569995418,73,39.85,3.12,72.0,10.29
480,Rawson,0,AR,1569995667,65,-43.3,-65.11,38.28,7.92
481,Lyuban,99,BY,1569995667,73,52.8,28.0,55.79,13.27
482,Lusambo,100,CD,1569995668,96,-4.97,23.44,69.4,0.51
483,Emerald,75,AU,1569995668,39,-23.53,148.16,82.4,12.75
484,Santiago del Estero,51,AR,1569995668,36,-27.8,-64.26,55.04,4.94
485,Balabac,85,PH,1569995668,71,7.99,117.06,84.11,7.2
486,Arti,96,RU,1569995668,73,56.43,58.53,46.2,13.09
487,Batagay,100,RU,1569995669,49,67.65,134.64,28.2,5.77
488,Lahij,72,YE,1569995669,63,13.06,44.88,85.1,10.49
489,Borgarnes,90,IS,1569995669,70,64.54,-21.92,44.6,12.75
490,Aloleng,100,PH,1569995669,71,16.13,119.78,83.75,5.91
491,Stavern,90,NO,1569995670,100,59.0,10.03,44.01,9.17
492,Crestview,1,US,1569995546,88,30.76,-86.57,79.0,5.82
493,Isangel,94,VU,1569995670,60,-19.55,169.27,73.4,8.05
494,Chingirlau,100,KZ,1569995670,36,51.09,54.08,57.22,21.45
495,Arzgir,0,RU,1569995671,60,45.37,44.21,64.81,9.66
496,Veere,80,NL,1569995671,66,51.55,3.67,55.4,11.41
497,Ojuelos de Jalisco,7,MX,1569995671,87,21.86,-101.59,59.18,10.67
498,Shubarkuduk,100,KZ,1569995671,32,49.15,56.49,52.64,15.84
499,Russell,90,US,1569995671,93,38.9,-98.86,60.01,12.75
500,Bay Roberts,90,CA,1569995672,75,47.58,-53.28,42.01,6.93
501,Freeport,10,BS,1569995672,82,26.54,-78.7,79.48,22.01
502,Puro,81,PH,1569995672,73,13.13,123.76,83.93,6.04
503,Bandundu,56,CD,1569995672,87,-3.32,17.38,74.91,2.21
504,Novoagansk,100,RU,1569995672,93,61.94,76.66,44.42,16.58
505,Amapa,75,HN,1569995673,88,15.09,-87.97,77.0,1.74
506,Wajir,66,KE,1569995673,62,1.75,40.07,79.41,11.81
507,Mareeba,40,AU,1569995673,54,-16.99,145.42,82.4,17.22
508,Yilan,0,CN,1569995673,46,43.11,129.52,75.76,4.81
509,Port Hedland,0,AU,1569995673,24,-20.31,118.58,102.2,14.99
510,Sant Julia de Loria,21,AD,1569995674,48,42.46,1.49,57.99,1.99
511,Paoua,100,CF,1569995674,95,7.24,16.43,69.91,3.44
512,Ust-Omchug,100,RU,1569995674,94,61.13,149.63,22.78,3.51
513,Pedasi,88,PA,1569995674,91,7.53,-80.03,74.08,3.22
514,Rochegda,90,RU,1569995674,80,62.67,43.41,43.88,12.64
515,Atbasar,80,KZ,1569995675,43,51.81,68.36,47.12,9.24
516,Bakchar,74,RU,1569995675,53,57.02,82.07,49.42,13.35
517,Acapulco,20,MX,1569995675,88,16.86,-99.88,80.6,2.93
518,Odesskoye,29,RU,1569995675,45,54.21,72.97,50.0,12.21
519,Bangassou,100,CF,1569995675,94,4.74,22.82,70.43,4.03
520,Guerrero Negro,0,MX,1569995676,78,27.97,-114.04,66.0,14.18
521,Portel,69,BR,1569995676,91,-1.94,-50.82,73.49,3.33
522,Harper,75,US,1569995676,78,30.3,-99.24,77.0,8.05
523,Antofagasta,75,CL,1569995676,87,-23.65,-70.4,57.2,13.87
524,Qaqortoq,100,GL,1569995677,27,60.72,-46.03,51.8,32.21
525,Hovd,40,NO,1569995677,100,63.83,10.7,44.01,4.7
526,Ozinki,98,RU,1569995677,81,51.2,49.73,57.05,11.39
527,Naberera,77,TZ,1569995677,67,-4.2,36.93,69.69,11.43
528,Ancud,0,CL,1569995677,87,-41.87,-73.83,32.0,4.7
529,Shenjiamen,48,CN,1569995678,83,29.96,122.3,76.94,21.23
